Crowncap;Country;City;Brewery
Dackel porter;Argentina;Buenos Aires;Bierbrauerei Dackel
Quilmes;Argentina;Buenos Aires;Cervecería y Maltería Quilmes
4 pines brookvale union ginger beer;Australia;Brookvale;4 Pines Brewing Company
Bundaberg ginger beer;Australia;Bundaberg;Bundaberg
Coopers 2020 vintage ale;Australia;Adelaide;Coopers
Coopers brewery original pale ale;Australia;Adelaide;Coopers
Coopers dark ale;Australia;Adelaide;Coopers
Coopers mild ale;Australia;Adelaide;Coopers
Sleeping giant IPA;Australia;Perth;Gage Roads Brew Co
Abbaye D'Aulne;Belgium;Thuin;Brasserie de l'Abbaye d'Aulne
Achel singel blond;Belgium;Hamont-Achel;Achelse Kluis
Achel tripel;Belgium;Hamont-Achel;Achelse Kluis
Adriaen Brouwer Oaked;Belgium;Ieper;Brouwerij Adriaensen
Adriaen Brouwer Tripel;Belgium;Ieper;Brouwerij Adriaensen
Affligem 0.0;Belgium;Opwijk;Affligem Brouwerij
Affligem blond;Belgium;Opwijk;Affligem Brouwerij
Affligem fris blond;Belgium;Opwijk;Affligem Brouwerij
Affligem tripel;Belgium;Opwijk;Affligem Brouwerij
Antigoon;Belgium;Sint-Gillis-Waas;Brouwerij The Musketeers
Archivist;Belgium;Merelbeke;Lidl Belgium
Arend tripel;Belgium;Herzele;Brouwerij De Ryck
Arend winter;Belgium;Herzele;Brouwerij De Ryck
Atrium;Belgium;March-en-Famenne;Brasserie Atrium
Aubel double;Belgium;Plombières;Brasserie Grain d'Orge
Augustijn blond;Belgium;Evergem;Brouwerij Van Steenberge
Augustijn brune;Belgium;Evergem;Brouwerij Van Steenberge
Augustijn grand cru;Belgium;Evergem;Brouwerij Van Steenberge
Averbode abdijbier;Belgium;Scherpenheuvel-Zichem;Huisbrouwerij Averbode
Averbode extra;Belgium;Scherpenheuvel-Zichem;Huisbrouwerij Averbode
Baptist blond;Belgium;Evergem;Brouwerij Van Steenberge
Baptist wit;Belgium;Evergem;Brouwerij Van Steenberge
Batavier;Nederland;Budel;Budelse Brouwerij
Bavik pony-stout;Belgium;Harelbeke;Brouwerij De Brabandere
Belgium peak summer;Belgium;Waimes;Belgium Peak Beer
Belgium peak triple;Belgium;Waimes;Belgium Peak Beer
Belgoo;Belgium;Sint-Pieters-Leeuw;Belgoo
Belgosapiens blanche de tines;Belgium;Nivelles;Belgo Sapiens Brewers
Belle-vue kriek;Belgium;Leeuw-Saint-Pierre;Belle-Vue
Belle-vue kriek 2;Belgium;Leeuw-Saint-Pierre;Belle-Vue
Biere ge gamme la rules;Belgium;Habay;Brasserie Artisanale de Rulles
Blanche de Charleroi;Belgium;Thuin;Brasserie de l'Abbaye d'Aulne
Blanche de Liège;Belgium;Thuin;Brasserie de l'Abbaye d'Aulne
Blanche de Namur;Belgium;Yvoir;Brasserie du Bocq
Blanche de namur hop 'n spice;Belgium;Yvoir;Brasserie du Bocq
Blanche de Namur Rosee;Belgium;Yvoir;Brasserie du Bocq
Blauw export;Belgium;Kortrijk;Omer Vander Ghinste
Bootjes bier;Belgium;Antwerpen;Antwerpse Brouw Compagnie
Bourgogne des Flandres;Belgium;Rixensart;Brewery John Martin & Brewery Timmermans
Brasserie {c};Belgium;Liège;Brasserie {C}
Brasserie caracole;Belgium;Dinant;Brasserie Caracole
Brasserie de bellevaux black;Belgium;Malmedy;Brasserie de Bellevaux
Brasserie de Bellevaux blanche;Belgium;Malmedy;Brasserie de Bellevaux
Brasserie de bellevaux blonde;Belgium;Malmedy;Brasserie de Bellevaux
Brasserie de bellevaux brune;Belgium;Malmedy;Brasserie de Bellevaux
Brasserie de Bellevaux malmedy triple;Belgium;Malmedy;Brasserie de Bellevaux
Brasserie de la senne;Belgium;Molenbeek-Saint-Jean;Brasserie de la Senne
Brasserie du bocq Gauloise amber;Belgium;Yvoir;Brasserie du Bocq
Brasserie du bocq Gauloise blonde;Belgium;Yvoir;Brasserie du Bocq
Brasserie du bocq Gauloise Christmas;Belgium;Yvoir;Brasserie du Bocq
Brasserie du bocq Gauloise dubbel;Belgium;Yvoir;Brasserie du Bocq
Brasserie du bocq Gauloise rode vruchten;Belgium;Yvoir;Brasserie du Bocq
Brasserie du bocq Gauloise tripel blonde;Belgium;Yvoir;Brasserie du Bocq
Brasserie du bocq saison 1858;Belgium;Yvoir;Brasserie du Bocq
Brasserie Lefebvre Barbar;Belgium;Rebecq;Brasserie Lefebvre
Brasserie Lefebvre Blanche Bruxelles;Belgium;Rebecq;Brasserie Lefebvre
Brasserie lefebvre saison 1900;Belgium;Rebecq;Brasserie Lefebvre
Brasserie Lion;Belgium;Rebecq;Brasserie Lion
Brasserie Minne Ardenne spirit;Belgium;Somme-Leuze;Brasserie Minne
Brigand;Belgium;Izegem;Kasteel Brouwerij Vanhonsebrouck
Brigand 2;Belgium;Izegem;Kasteel Brouwerij Vanhonsebrouck
Brigand 3;Belgium;Izegem;Kasteel Brouwerij Vanhonsebrouck
Brouwerij d'oude Caert;Belgium;Brasschaat;Brouwerij D'Oude Caert
Brouwerij de glazen toren;Belgium;Erpe-Mere;Brouwerij De Glazen Toren
Brouwerij de poes;Belgium;Tielt;Brouwerij De Poes
Brouwerij de poes 2;Belgium;Tielt;Brouwerij De Poes
Brouwerij de Ranke amer-amer;Belgium;Mouscron;Brouwerij De Ranke
Brouwerij de ranke franc belge;Belgium;Mouscron;Brouwerij De Ranke
Brouwerij de ranke guldenberg;Belgium;Mouscron;Brouwerij De Ranke
Brouwerij de ranke Noir de Dottignies;Belgium;Mouscron;Brouwerij De Ranke
Brouwerij de ranke pere noel;Belgium;Mouscron;Brouwerij De Ranke
Brouwerij de ranke pere noel 2;Belgium;Mouscron;Brouwerij De Ranke
Brouwerij de ranke saison de dottignies;Belgium;Mouscron;Brouwerij De Ranke
Brouwerij de ranke simplex;Belgium;Mouscron;Brouwerij De Ranke
Brouwerij de ranke xx bitter;Belgium;Mouscron;Brouwerij De Ranke
Brouwerij de ryck steenuilke;Belgium;Herzele;Brouwerij De Ryck
Brouwerij de Troch;Belgium;Ternat;Brouwerij De Troch
Brouwerij den os;Belgium;Brugge;Brouwerij Den Os
Brouwerij het Nest;Belgium;Oud-Turnhout;Brouwerij Het Nest
Brouwerij Maenhout;Belgium;Staden;Brouwerij Maenhout
Brouwerij pirlot;Belgium;Zandhoven;Brouwerij Pirlot
Brouwerij the musketeers;Belgium;Sint-Gillis-Waas;Brouwerij The Musketeers
Brugge tripel;Belgium;Londerzeel;Brouwerij Palm
Brugs tarwebier;Belgium;Brugge;Brouwerij De Halve Maan
Brugse sport zot;Belgium;Brugge;Brouwerij De Halve Maan
Brugse zot blond;Belgium;Brugge;Brouwerij De Halve Maan
Brugse zot dubbel;Belgium;Brugge;Brouwerij De Halve Maan
Brunehaut amber;Belgium;Brunehaut;Brasserie de Brunehaut
Brunehaut blanche;Belgium;Brunehaut;Brasserie de Brunehaut
Brunehaut blond;Belgium;Brunehaut;Brasserie de Brunehaut
Brunehaut Triple;Belgium;Brunehaut;Brasserie de Brunehaut
Brussels beer project;Belgium;Anderlecht;Brussels Beer Project
Buffalo bitter;Belgium;Herzele;Brouwerij Van Den Bossche
Cantillon;Belgium;Anderlecht;Brasserie Cantillon
Cesar;Belgium;Evergem;Brouwerij Van Steenberge
Chimay blauw;Belgium;Chimay;Bières de Chimay
Chimay gold;Belgium;Chimay;Bières de Chimay
Chimay groen;Belgium;Chimay;Bières de Chimay
Chimay rood;Belgium;Chimay;Bières de Chimay
Chimay wit;Belgium;Chimay;Bières de Chimay
Chouffe 0.4;Belgium;Houffalize;Brasserie d'Achouffe
Chouffe blanche;Belgium;Houffalize;Brasserie d'Achouffe
Chouffe blond ;Belgium;Houffalize;Brasserie d'Achouffe
Chouffe blond 2;Belgium;Houffalize;Brasserie d'Achouffe
Chouffe blond groot;Belgium;Houffalize;Brasserie d'Achouffe
Chouffe blond groot 2;Belgium;Houffalize;Brasserie d'Achouffe
Chouffe houblon;Belgium;Houffalize;Brasserie d'Achouffe
Chouffe houblon 2;Belgium;Houffalize;Brasserie d'Achouffe
Chouffe IPA;Belgium;Houffalize;Brasserie d'Achouffe
Chouffe Lite;Belgium;Houffalize;Brasserie d'Achouffe
Chouffe McChouffe;Belgium;Houffalize;Brasserie d'Achouffe
Chouffe McChouffe 2;Belgium;Houffalize;Brasserie d'Achouffe
Chouffe McChouffe groot ;Belgium;Houffalize;Brasserie d'Achouffe
Chouffe McChouffe groot 2;Belgium;Houffalize;Brasserie d'Achouffe
Chouffe N'ice;Belgium;Houffalize;Brasserie d'Achouffe
Chouffe rouge;Belgium;Houffalize;Brasserie d'Achouffe
Chouffe soleil;Belgium;Houffalize;Brasserie d'Achouffe
Chouffe soleil 2;Belgium;Houffalize;Brasserie d'Achouffe
Ciney blond;Belgium;Alken;Brouwerij Alken-Maes
Cornet;Belgium;Londerzeel;Brouwerij De Hoorn
Cornet 0.0;Belgium;Londerzeel;Brouwerij De Hoorn
Cornet gold blond;Belgium;Londerzeel;Brouwerij De Hoorn
Cornet Smoked;Belgium;Londerzeel;Brouwerij De Hoorn
Corsendonk agnus;Belgium;Turnhout;Brouwerij Corsendonk
Corsendonk blond;Belgium;Turnhout;Brouwerij Corsendonk
Corsendonk bruin;Belgium;Turnhout;Brouwerij Corsendonk
Corsendonk Pater;Belgium;Turnhout;Brouwerij Corsendonk
Cristal alken;Belgium;Alken;Brouwerij Alken-Maes
D'oude maalderij;Belgium;Izegem;D'Oude Maalderij
De bie Blonde bie;Belgium;Dentergem;Brouwerij De Bie
de Bie Fris Bie;Belgium;Dentergem;Brouwerij De Bie
De bie Hellekapelle;Belgium;Dentergem;Brouwerij De Bie
De bie Helleketel;Belgium;Dentergem;Brouwerij De Bie
De bie Kriekedebie;Belgium;Dentergem;Brouwerij De Bie
De bie Riebedebie;Belgium;Dentergem;Brouwerij De Bie
De bie Stoute bie;Belgium;Dentergem;Brouwerij De Bie
De bie Vélo;Belgium;Dentergem;Brouwerij De Bie
De bie winterbie;Belgium;Dentergem;Brouwerij De Bie
De bie Zatte bie;Belgium;Dentergem;Brouwerij De Bie
de Dochter van de Korenaar;Belgium;Baarle-Hertog;Brouwerij De Dochter van de Korenaar
de Dochter van de Korenaar 2;Belgium;Baarle-Hertog;Brouwerij De Dochter van de Korenaar
De koninck APA;Belgium;Antwerpen;Brouwerij De Koninck
De koninck bolleke;Belgium;Antwerpen;Brouwerij De Koninck
De koninck tripel d'anvers;Belgium;Antwerpen;Brouwerij De Koninck
De koninck wild jo;Belgium;Antwerpen;Brouwerij De Koninck
De Proefbrouwerij L'Arogante;Belgium;Lochristi;De Proefbrouwerij
Delirium argentum;Belgium;Melle;Delirium - Huyghe Brouwerij
Delirium la guillotine;Belgium;Melle;Delirium - Huyghe Brouwerij
Deugniet;Belgium;Yvoir;Brasserie du Bocq
Dominicains dubbel 6;Belgium;Frameries;Brasserie 3F
Dominicains quadrupel 9;Belgium;Frameries;Brasserie 3F
Dominicains tripel 8;Belgium;Frameries;Brasserie 3F
Dubuisson 250 years;Belgium;Leuze-en-Hainaut;Brasserie Dubuisson
Dubuisson bush caractère;Belgium;Leuze-en-Hainaut;Brasserie Dubuisson
Dubuisson Bush noël;Belgium;Leuze-en-Hainaut;Brasserie Dubuisson
Dubuisson bush tripel;Belgium;Leuze-en-Hainaut;Brasserie Dubuisson
Dubuisson Cuvée des Trolls;Belgium;Leuze-en-Hainaut;Brasserie Dubuisson
Dubuisson pêche mel;Belgium;Leuze-en-Hainaut;Brasserie Dubuisson
Dubuisson rasta trolls;Belgium;Leuze-en-Hainaut;Brasserie Dubuisson
Dubuisson Surfine;Belgium;Leuze-en-Hainaut;Brasserie Dubuisson
Duivels bier;Belgium;Halle;Brouwerij Boon
Dupont tourpes;Belgium;Leuze-en-Hainaut;Brasserie Dupont
Duvel;Belgium;Puurs-Sint-Amands;Duvel Moortgat
Duvel 2;Belgium;Puurs-Sint-Amands;Duvel Moortgat
Duvel 6.66;Belgium;Puurs-Sint-Amands;Duvel Moortgat
Duvel barrel aged;Belgium;Puurs-Sint-Amands;Duvel Moortgat
Duvel Belgian Blond;Belgium;Puurs-Sint-Amands;Duvel Moortgat
Duvel groot;Belgium;Puurs-Sint-Amands;Duvel Moortgat
Duvel tripel hop;Belgium;Puurs-Sint-Amands;Duvel Moortgat
Duvel tripel hop cashmere;Belgium;Puurs-Sint-Amands;Duvel Moortgat
Duvel tripel hop citra;Belgium;Puurs-Sint-Amands;Duvel Moortgat
Elfique;Belgium;Aywaille;Brasserie Elfique
Ename blond;Belgium;Oudenaarde;Brouwerij Roman
Ename dubbel;Belgium;Oudenaarde;Brouwerij Roman
Ename pater;Belgium;Oudenaarde;Brouwerij Roman
Ename rouge;Belgium;Oudenaarde;Brouwerij Roman
Ename tripel;Belgium;Oudenaarde;Brouwerij Roman
Estaminet;Belgium;Londerzeel;Brouwerij Palm
Filou;Belgium;Izegem;Kasteel Brouwerij Vanhonsebrouck
Fort lapin;Belgium;Brugge;Fort Lapin Brewery
Fourchette;Belgium;Evergem;Brouwerij Van Steenberge
Gageleer original;Belgium;Turnhout;Beers For Nature
Galea craft beers;Belgium;Antwerpen;Galea Craft Beers
Gentse strop;Belgium;Oudenaarde;Brouwerij Roman
Gentse strop 2;Belgium;Oudenaarde;Brouwerij Roman
Geuze boon;Belgium;Halle;Brouwerij Boon
Ginette natural fruit;Belgium;Genappe;Ginette Beer / Organic Tribu
Ginette natural white;Belgium;Genappe;Ginette Beer / Organic Tribu
Goliath;Belgium;Ath;Brasserie des Légendes
Goliath 2;Belgium;Ath;Brasserie des Légendes
Gordon blond oak aged;Belgium;Rixensart;Brewery John Martin & Brewery Timmermans
Gordon finest gold;Belgium;Rixensart;Brewery John Martin & Brewery Timmermans
Gordon finest scotch;Belgium;Rixensart;Brewery John Martin & Brewery Timmermans
Gouden carolus ambrio;Belgium;Mechelen;Brouwerij Het Anker
Gouden carolus christmas;Belgium;Mechelen;Brouwerij Het Anker
Gouden carolus hopsinjoor;Belgium;Mechelen;Brouwerij Het Anker
Gouden Carolus tripel;Belgium;Mechelen;Brouwerij Het Anker
Grimbergen blanche;Belgium;Alken;Brouwerij Alken-Maes
Grimbergen blanche 2;Belgium;Alken;Brouwerij Alken-Maes
Grimbergen blanche 3;Belgium;Alken;Brouwerij Alken-Maes
Grimbergen blond;Belgium;Alken;Brouwerij Alken-Maes
Grimbergen blond 2;Belgium;Alken;Brouwerij Alken-Maes
Grimbergen blond 3;Belgium;Alken;Brouwerij Alken-Maes
Grimbergen blond 4;Belgium;Alken;Brouwerij Alken-Maes
Grimbergen dubbel;Belgium;Alken;Brouwerij Alken-Maes
Grimbergen dubbel 2;Belgium;Alken;Brouwerij Alken-Maes
Grimbergen dubbel 3;Belgium;Alken;Brouwerij Alken-Maes
Grimbergen hop karakter;Belgium;Alken;Brouwerij Alken-Maes
Grimbergen hop karakter 2;Belgium;Alken;Brouwerij Alken-Maes
Grimbergen optimo bruno;Belgium;Alken;Brouwerij Alken-Maes
Grimbergen optimo Bruno 2;Belgium;Alken;Brouwerij Alken-Maes
Grimbergen rouge;Belgium;Alken;Brouwerij Alken-Maes
Grimbergen tripel;Belgium;Alken;Brouwerij Alken-Maes
Grimbergen tripel 2;Belgium;Alken;Brouwerij Alken-Maes
Grimbergen tripel 3;Belgium;Alken;Brouwerij Alken-Maes
Grimbergen winter;Belgium;Alken;Brouwerij Alken-Maes
Grisette fruits des bois;Belgium;Le Rœulx;Brasserie St-Feuillien
Grisette glutenfree blond;Belgium;Le Rœulx;Brasserie St-Feuillien
Grisette tripel bio;Belgium;Le Rœulx;Brasserie St-Feuillien
Gruut amber;Belgium;Gent;Gentse Gruut Stadsbrouwerij
Gruut blond;Belgium;Gent;Gentse Gruut Stadsbrouwerij
Gruut bruin;Belgium;Gent;Gentse Gruut Stadsbrouwerij
Gruut inferno;Belgium;Gent;Gentse Gruut Stadsbrouwerij
Gruut wit;Belgium;Gent;Gentse Gruut Stadsbrouwerij
Gulden draak imperial stout;Belgium;Evergem;Brouwerij Van Steenberge
Gulden draak limited edition 2018;Belgium;Evergem;Brouwerij Van Steenberge
Gulden draak special edition 2017;Belgium;Evergem;Brouwerij Van Steenberge
Gulden draak wit;Belgium;Evergem;Brouwerij Van Steenberge
Gulden draak wit 2;Belgium;Evergem;Brouwerij Van Steenberge
Gulden draak zwart (9000);Belgium;Evergem;Brouwerij Van Steenberge
Gulden draak zwart 2;Belgium;Evergem;Brouwerij Van Steenberge
Gulden spoor blond;Belgium;Wevelgem;Brouwerij Gulden Spoor
Gulden spoor dubbel;Belgium;Wevelgem;Brouwerij Gulden Spoor
Gulden spoor IPA;Belgium;Wevelgem;Brouwerij Gulden Spoor
Gulden Spoor Quadrupel;Belgium;Wevelgem;Brouwerij Gulden Spoor
Gulden Spoor Red Ale;Belgium;Wevelgem;Brouwerij Gulden Spoor
Gulden spoor tripel;Belgium;Wevelgem;Brouwerij Gulden Spoor
Hapkin;Belgium;Alken;Brouwerij Alken-Maes
Hoegaarden grand cru;Belgium;Hoegaarden;Brouwerij Hoegaarden
Hoegaarden radler;Belgium;Hoegaarden;Brouwerij Hoegaarden
Hoegaarden radler 0.0 citrus;Belgium;Hoegaarden;Brouwerij Hoegaarden
Hoegaarden radler cranberry&blood orange;Belgium;Hoegaarden;Brouwerij Hoegaarden
Hoegaarden radler kiwi&mint;Belgium;Hoegaarden;Brouwerij Hoegaarden
Hoegaarden Rosé;Belgium;Hoegaarden;Brouwerij Hoegaarden
Hoegaarden rosé 2;Belgium;Hoegaarden;Brouwerij Hoegaarden
Hoegaarden verboden vrucht;Belgium;Hoegaarden;Brouwerij Hoegaarden
Hoegaarden wit;Belgium;Hoegaarden;Brouwerij Hoegaarden
Hoegaarden wit 2;Belgium;Hoegaarden;Brouwerij Hoegaarden
Hof ten dormaal;Belgium;Haacht;Hof ten Dormaal
Jessenhofke BRWN;Belgium;Hasselt;Biologische Brouwerij Jessenhofke
Jessenhofke MAYA;Belgium;Hasselt;Biologische Brouwerij Jessenhofke
Jessenhofke PMPRNL;Belgium;Hasselt;Biologische Brouwerij Jessenhofke
Jessenhofke RGLR;Belgium;Hasselt;Biologische Brouwerij Jessenhofke
Jessenhofke TRPL;Belgium;Hasselt;Biologische Brouwerij Jessenhofke
Jessenhofke WNTRRSRV;Belgium;Hasselt;Biologische Brouwerij Jessenhofke
Judas;Belgium;Alken;Brouwerij Alken-Maes
Julius 54BC;Belgium;Hoegaarden;Brouwerij Hoegaarden
Jupiler;Belgium;Liège;Brasserie Jupiler
Jupiler 0.0;Belgium;Liège;Brasserie Jupiler
Jupiler 0.0 2;Belgium;Liège;Brasserie Jupiler
Jupiler 33cl;Belgium;Liège;Brasserie Jupiler
Jupiler blue;Belgium;Liège;Brasserie Jupiler
Jupiler pure blonde;Belgium;Liège;Brasserie Jupiler
Kapittel pater;Belgium;Ieper;Leroy Breweries
Kasteel barista chocolate quad;Belgium;Izegem;Kasteel Brouwerij Vanhonsebrouck
Kasteel barista chocolate quad 2;Belgium;Izegem;Kasteel Brouwerij Vanhonsebrouck
Kasteel blond;Belgium;Izegem;Kasteel Brouwerij Vanhonsebrouck
Kasteel blond 2;Belgium;Izegem;Kasteel Brouwerij Vanhonsebrouck
Kasteel cuvee;Belgium;Izegem;Kasteel Brouwerij Vanhonsebrouck
Kasteel cuvée du chateau;Belgium;Izegem;Kasteel Brouwerij Vanhonsebrouck
Kasteel cuvée du chateau 2;Belgium;Izegem;Kasteel Brouwerij Vanhonsebrouck
Kasteel donker;Belgium;Izegem;Kasteel Brouwerij Vanhonsebrouck
Kasteel donker 2;Belgium;Izegem;Kasteel Brouwerij Vanhonsebrouck
Kasteel hoppy;Belgium;Izegem;Kasteel Brouwerij Vanhonsebrouck
Kasteel rouge;Belgium;Izegem;Kasteel Brouwerij Vanhonsebrouck
Kasteel rouge 0.0;Belgium;Izegem;Kasteel Brouwerij Vanhonsebrouck
Kasteel rouge 2;Belgium;Izegem;Kasteel Brouwerij Vanhonsebrouck
Kasteel rubus framboise;Belgium;Izegem;Kasteel Brouwerij Vanhonsebrouck
Kasteel tripel;Belgium;Izegem;Kasteel Brouwerij Vanhonsebrouck
Kasteel tripel 2;Belgium;Izegem;Kasteel Brouwerij Vanhonsebrouck
Kasteel xtra;Belgium;Izegem;Kasteel Brouwerij Vanhonsebrouck
Kazematten brouwerij;Belgium;Ieper;Brouwerij Kazematten
Keizer karel blond;Belgium;Boortmeerbeek;Brouwerij Haacht Brasserie
Keizer karel ommegang;Belgium;Boortmeerbeek;Brouwerij Haacht Brasserie
Keizer karel robijn rood;Belgium;Boortmeerbeek;Brouwerij Haacht Brasserie
Kerel;Belgium;Temse;VBDCK Brewery
King mule;Belgium;Bree;Brouwerij Cornelissen
Klootzakske;Belgium;Zwevegem;Klootzakske
Kompel bovengronds;Belgium;Maasmechelen;Brouwerij Kompel
Kompel kriek;Belgium;Maasmechelen;Brouwerij Kompel
Kompel ondergronds;Belgium;Maasmechelen;Brouwerij Kompel
Kompel ondergronds 2;Belgium;Maasmechelen;Brouwerij Kompel
Kompel prion des fleurs;Belgium;Maasmechelen;Brouwerij Kompel
Kompel Tripel Hop;Belgium;Maasmechelen;Brouwerij Kompel
Kriek boon;Belgium;Halle;Brouwerij Boon
Kwak;Belgium;Buggenhout;Brouwerij Bosteels
Kwak 2;Belgium;Buggenhout;Brouwerij Bosteels
Kwak blond;Belgium;Buggenhout;Brouwerij Bosteels
Kwak groot;Belgium;Buggenhout;Brouwerij Bosteels
Kwak rouge;Belgium;Buggenhout;Brouwerij Bosteels
Kwaremont;Belgium;Harelbeke;Brouwerij De Brabandere
Kwaremont alcohol free blonde;Belgium;Harelbeke;Brouwerij De Brabandere
La becasse kriek;Belgium;Leeuw-Saint-Pierre;Belle-Vue
La Cambre;Belgium;Mechelen;Brouwerij Het Anker
La corne blonde;Belgium;Ath;Brasserie Des Légendes
La corne quadruple;Belgium;Ath;Brasserie Des Légendes
La corne triple;Belgium;Ath;Brasserie Des Légendes
La Rulles triple;Belgium;Habay;Brasserie Artisanale de Rulles
Lambiek fabriek;Belgium;Sint-Pieters-Leeuw;Lambiek Fabriek
Le Fort donker;Belgium;Kortrijk;Omer Vander Ghinste
Le Fort tripel;Belgium;Kortrijk;Omer Vander Ghinste
Leeuw pilsener;Belgium;Boortmeerbeek;Brouwerij Haacht Brasserie
Leffe ambrée;Belgium;Leuven;Abbaye de Leffe
Leffe blond;Belgium;Leuven;Abbaye de Leffe
Leffe blond 0.0;Belgium;Leuven;Abbaye de Leffe
Leffe blond klein;Belgium;Leuven;Abbaye de Leffe
Leffe bruin;Belgium;Leuven;Abbaye de Leffe
Leffe Bruin 0.0;Belgium;Leuven;Abbaye de Leffe
Leffe bruin 2;Belgium;Leuven;Abbaye de Leffe
Leffe dubbel;Belgium;Leuven;Abbaye de Leffe
Leffe été;Belgium;Leuven;Abbaye de Leffe
Leffe été 2;Belgium;Leuven;Abbaye de Leffe
Leffe nectar;Belgium;Leuven;Abbaye de Leffe
Leffe noël;Belgium;Leuven;Abbaye de Leffe
Leffe royale blonde;Belgium;Leuven;Abbaye de Leffe
Leffe royale cascade IPA;Belgium;Leuven;Abbaye de Leffe
Leffe tripel;Belgium;Leuven;Abbaye de Leffe
Leffe tripel 2;Belgium;Leuven;Abbaye de Leffe
Libidus Onyx;Belgium;Gent;Libidus - Let it Beer
Liefmans fruitesse;Belgium;Oudenaarde;Brouwerij Liefmans
Liefmans fruitesse alcohol free;Belgium;Oudenaarde;Brouwerij Liefmans
Liefmans yell'oh on the rocks;Belgium;Oudenaarde;Brouwerij Liefmans
Limburgse witte 25cl;Belgium;Bree;Brouwerij Cornelissen
Limburgse witte 33cl;Belgium;Bree;Brouwerij Cornelissen
Lindemans;Belgium;Sint-Pieters-Leeuw;Brouwerij Lindemans
Lindemans groot;Belgium;Sint-Pieters-Leeuw;Brouwerij Lindemans
Lindemans Summer Berry;Belgium;Sint-Pieters-Leeuw;Brouwerij Lindemans
Lupulus blanche;Belgium;Gouvy;Brasserie Lupulus
Lupulus brune;Belgium;Gouvy;Brasserie Lupulus
Lupulus hopera;Belgium;Gouvy;Brasserie Lupulus
Lupulus organicus;Belgium;Gouvy;Brasserie Lupulus
Lupulus tripel;Belgium;Gouvy;Brasserie Lupulus
Maes pils;Belgium;Alken;Brouwerij Alken-Maes
Mak brewery;Belgium;Zaventem;MAK Brewery
Malheur;Belgium;Buggenhout;Brouwerij Malheur
Malheur 10;Belgium;Buggenhout;Brouwerij Malheur
Malheur 12;Belgium;Buggenhout;Brouwerij Malheur
Maneblusser lentebok;Belgium;Mechelen;Brouwerij Het Anker
Maredret Altus;Belgium;Rixensart;Brewery John Martin & Brewery Timmermans
Maredsous blond;Belgium;Puurs-Sint-Amands;Abbaye de Maredsous
Maredsous brune;Belgium;Puurs-Sint-Amands;Abbaye de Maredsous
Maredsous tripel;Belgium;Puurs-Sint-Amands;Abbaye de Maredsous
Martha busy blond;Belgium;Kortrijk;The Brew Society
Martha cherry red;Belgium;Kortrijk;The Brew Society
Martha crazy blond;Belgium;Kortrijk;The Brew Society
Martha crazy red;Belgium;Kortrijk;The Brew Society
Martha Dark Brown;Belgium;Kortrijk;The Brew Society
Martha Happy Blond;Belgium;Kortrijk;The Brew Society
Martha sexy blond;Belgium;Kortrijk;The Brew Society
Martha sexy red;Belgium;Kortrijk;The Brew Society
Martha sweet red;Belgium;Kortrijk;The Brew Society
Martha wild blond;Belgium;Kortrijk;The Brew Society
Martha wild red;Belgium;Kortrijk;The Brew Society
Martin's IPA;Belgium;Rixensart;Brewery John Martin & Brewery Timmermans
Martin's pale ale;Belgium;Rixensart;Brewery John Martin & Brewery Timmermans
Monte Cristo;Belgium;Buggenhout;Brouwerij Bosteels
Mort subite;Belgium;Asse;Brouwerij Mort Subite
Mystic;Belgium;Boortmeerbeek;Brouwerij Haacht Brasserie
Netebuk;Belgium;Wevelgem;Brouwerij Gulden Spoor
Novice Black Tripel;Belgium;Buggenhout;Brouwerij Malheur
Omer;Belgium;Kortrijk;Omer Vander Ghinste
Orval;Belgium;Florenville;Brasserie d'Orval
Paix Dieu;Belgium;Péruwelz;Brasserie Caulier
Paljas blond;Belgium;Oostkamp;Brouwerij De Leite
Paljas bruin;Belgium;Oostkamp;Brouwerij De Leite
Paljas IPA;Belgium;Oostkamp;Brouwerij De Leite
Paljas Rosé;Belgium;Oostkamp;Brouwerij De Leite
Paljas saison;Belgium;Oostkamp;Brouwerij De Leite
Palm;Belgium;Londerzeel;Brouwerij Palm
Palm 0.0;Belgium;Londerzeel;Brouwerij Palm
Palm 2;Belgium;Londerzeel;Brouwerij Palm
Palm hop select;Belgium;Londerzeel;Brouwerij Palm
Palm royale;Belgium;Londerzeel;Brouwerij Palm
Palm royale 2;Belgium;Londerzeel;Brouwerij Palm
Palm session ipa;Belgium;Londerzeel;Brouwerij Palm
Passchendaele ginger white;Belgium;Izegem;Kasteel Brouwerij Vanhonsebrouck
Passchendaele Porter;Belgium;Izegem;Kasteel Brouwerij Vanhonsebrouck
Pax pils;Belgium;Bree;Brouwerij Cornelissen
Petrus Aged Pale;Belgium;Harelbeke;Brouwerij De Brabandere
Petrus blond;Belgium;Harelbeke;Brouwerij De Brabandere
Petrus dubbel;Belgium;Harelbeke;Brouwerij De Brabandere
Petrus red;Belgium;Harelbeke;Brouwerij De Brabandere
Petrus speciale;Belgium;Harelbeke;Brouwerij De Brabandere
Petrus tripel;Belgium;Harelbeke;Brouwerij De Brabandere
Pink Killer;Belgium;Silly;Brasserie de Silly
Piraat;Belgium;Evergem;Brouwerij Van Steenberge
Piraat red;Belgium;Evergem;Brouwerij Van Steenberge
Piraat tripel hop;Belgium;Evergem;Brouwerij Van Steenberge
Poperings hommelbier;Belgium;Ieper;Leroy Breweries
Poperings hommelbier 2;Belgium;Ieper;Leroy Breweries
Postel;Belgium;Opwijk;Affligem Brouwerij
Primus;Belgium;Opwijk;Affligem Brouwerij
Queue de Charrue Ploegsteert ambrée;Belgium;Comines-Warneton;Brouwerij Vanuxeem
Queue de Charrue Ploegsteert blonde;Belgium;Comines-Warneton;Brouwerij Vanuxeem
Queue de Charrue Ploegsteert tripel;Belgium;Comines-Warneton;Brouwerij Vanuxeem
Queue de Charrue Ploegsteert vieille brune;Belgium;Comines-Warneton;Brouwerij Vanuxeem
Ramée blonde;Belgium;Londerzeel;Brouwerij Palm
Rochefort 10;Belgium;Rochefort;Abbaye Notre-Dame de Saint-Rémy
Rochefort 6;Belgium;Rochefort;Abbaye Notre-Dame de Saint-Rémy
Rochefort 8;Belgium;Rochefort;Abbaye Notre-Dame de Saint-Rémy
Rochefort Triple Extra;Belgium;Rochefort;Abbaye Notre-Dame de Saint-Rémy
Rodenbach alexander;Belgium;Roeselare;Brouwerij Rodenbach
Rodenbach classic;Belgium;Roeselare;Brouwerij Rodenbach
Rodenbach fruitage;Belgium;Roeselare;Brouwerij Rodenbach
Rodenbach grand cru;Belgium;Roeselare;Brouwerij Rodenbach
Rodenbach grand cru 2;Belgium;Roeselare;Brouwerij Rodenbach
Rolling Hills;Belgium;Oudenaarde;Brouwcompagnie Rolling Hills
Satan's gold;Belgium;Merchtem;Brouwerij De Block
Schutters;Belgium;Bocholt;Brouwerij Martens
Seef;Belgium;Antwerpen;Antwerpse Brouw Compagnie
Silly blanche;Belgium;Silly;Brasserie de Silly
Silly brune;Belgium;Silly;Brasserie de Silly
Silly saison;Belgium;Silly;Brasserie de Silly
Sloeber;Belgium;Oudenaarde;Brouwerij Roman
Slurfke blond;Belgium;Izegem;Kasteel Brouwerij Vanhonsebrouck
St Feuillien Belgian coast IPA;Belgium;Le Rœulx;Brasserie St-Feuillien
St Feuillien blonde;Belgium;Le Rœulx;Brasserie St-Feuillien
St Feuillien brune;Belgium;Le Rœulx;Brasserie St-Feuillien
St Feuillien Five;Belgium;Le Rœulx;Brasserie St-Feuillien
St Feuillien grand cru;Belgium;Le Rœulx;Brasserie St-Feuillien
St Feuillien Quadruple;Belgium;Le Rœulx;Brasserie St-Feuillien
St Feuillien saison;Belgium;Le Rœulx;Brasserie St-Feuillien
St Feuillien triple;Belgium;Le Rœulx;Brasserie St-Feuillien
St-Louis Premium Kriek;Belgium;Izegem;Kasteel Brouwerij Vanhonsebrouck
St-Louis Premium Peche;Belgium;Izegem;Kasteel Brouwerij Vanhonsebrouck
St. Bernardus abt 12;Belgium;Poperinge;Brouwerij St.Bernardus
St. Bernardus Abt 12 2;Belgium;Poperinge;Brouwerij St.Bernardus
St. Bernardus Christmas ale;Belgium;Poperinge;Brouwerij St.Bernardus
St. Bernardus christmas ale 2;Belgium;Poperinge;Brouwerij St.Bernardus
St. Bernardus extra 4;Belgium;Poperinge;Brouwerij St.Bernardus
St. Bernardus extra 4 2;Belgium;Poperinge;Brouwerij St.Bernardus
St. Bernardus Kombine;Belgium;Poperinge;Brouwerij St.Bernardus
St. Bernardus pater 6;Belgium;Poperinge;Brouwerij St.Bernardus
St. Bernardus pater 6 2;Belgium;Poperinge;Brouwerij St.Bernardus
St. Bernardus prior 8;Belgium;Poperinge;Brouwerij St.Bernardus
St. Bernardus prior 8 2;Belgium;Poperinge;Brouwerij St.Bernardus
St. Bernardus tripel;Belgium;Poperinge;Brouwerij St.Bernardus
St. Bernardus tripel 2;Belgium;Poperinge;Brouwerij St.Bernardus
St. Bernardus wit;Belgium;Poperinge;Brouwerij St.Bernardus
St. Bernardus wit 2;Belgium;Poperinge;Brouwerij St.Bernardus
St. Pierre;Belgium;Londerzeel;Brouwerij Palm
Steenberge;Belgium;Evergem;Brouwerij Van Steenberge
Steenbrugge;Belgium;Londerzeel;Brouwerij Palm
Steenbrugge dubbel bruin ;Belgium;Londerzeel;Brouwerij Palm
Stella Artois;Belgium;Leuven;Stella Artois
Straffe hendrik quadrupel;Belgium;Brugge;Brouwerij De Halve Maan
Straffe Hendrik tripel;Belgium;Brugge;Brouwerij De Halve Maan
Straffe Hendrik wild;Belgium;Brugge;Brouwerij De Halve Maan
Super 8 blanche;Belgium;Boortmeerbeek;Brouwerij Haacht Brasserie
Super 8 export;Belgium;Boortmeerbeek;Brouwerij Haacht Brasserie
Super 8 IPA;Belgium;Boortmeerbeek;Brouwerij Haacht Brasserie
Tempelier;Belgium;Turnhout;Brouwerij Corsendonk
Ter Dolen 25;Belgium;Houthalen-Helchteren;Ter Dolen
ter Dolen Armand;Belgium;Houthalen-Helchteren;Ter Dolen
Ter dolen Armand 2;Belgium;Houthalen-Helchteren;Ter Dolen
Ter Dolen blond;Belgium;Houthalen-Helchteren;Ter Dolen
Ter Dolen donker;Belgium;Houthalen-Helchteren;Ter Dolen
Ter Dolen kriek;Belgium;Houthalen-Helchteren;Ter Dolen
Ter dolen tripel;Belgium;Houthalen-Helchteren;Ter Dolen
Ter Dolen Winter;Belgium;Houthalen-Helchteren;Ter Dolen
Ter Dolen Wit;Belgium;Houthalen-Helchteren;Ter Dolen
Tête de mort red;Belgium;Yvoir;Brasserie du Bocq
Tête de mort triple;Belgium;Yvoir;Brasserie du Bocq
Timmermans blanche lambicus;Belgium;Rixensart;Brewery John Martin & Brewery Timmermans
Timmermans kriek;Belgium;Rixensart;Brewery John Martin & Brewery Timmermans
Timmermans peche lambicus;Belgium;Rixensart;Brewery John Martin & Brewery Timmermans
Tongerlo blond;Belgium;Boortmeerbeek;Brouwerij Haacht Brasserie
Tongerlo brune;Belgium;Boortmeerbeek;Brouwerij Haacht Brasserie
Tongerlo brune 2;Belgium;Boortmeerbeek;Brouwerij Haacht Brasserie
Tongerlo christmas;Belgium;Boortmeerbeek;Brouwerij Haacht Brasserie
Tongerlo tripel;Belgium;Boortmeerbeek;Brouwerij Haacht Brasserie
Tongerlo tripel 2;Belgium;Boortmeerbeek;Brouwerij Haacht Brasserie
Tripel karmeliet;Belgium;Buggenhout;Brouwerij Bosteels
Tripick;Belgium;Liège;Tripick
Triporteur from heaven;Belgium;Roeselare;BOMBrewery
Triporteur from hell;Belgium;Roeselare;BOMBrewery
Troubadour magma;Belgium;Sint-Gillis-Waas;Brouwerij The Musketeers
Troubadour spéciale;Belgium;Sint-Gillis-Waas;Brouwerij The Musketeers
Troubadour zestra;Belgium;Sint-Gillis-Waas;Brouwerij The Musketeers
Urthel saisonniere;Belgium;Ruiselede;Microbrouwerij Urthel
Val Dieu Cuvée 800;Belgium;Aubel;Brasserie de l'Abbaye du Val-Dieu
Val Dieu Cuvée 800 2;Belgium;Aubel;Brasserie de l'Abbaye du Val-Dieu
Val-Dieu blonde;Belgium;Aubel;Brasserie de l'Abbaye du Val-Dieu
Val-Dieu blonde 2;Belgium;Aubel;Brasserie de l'Abbaye du Val-Dieu
Val-Dieu brune;Belgium;Aubel;Brasserie de l'Abbaye du Val-Dieu
Val-Dieu Brune 2;Belgium;Aubel;Brasserie de l'Abbaye du Val-Dieu
Val-Dieu Fruitée;Belgium;Aubel;Brasserie de l'Abbaye du Val-Dieu
Val-dieu grand cru;Belgium;Aubel;Brasserie de l'Abbaye du Val-Dieu
Val-Dieu grand cru 2;Belgium;Aubel;Brasserie de l'Abbaye du Val-Dieu
Val-dieu grand cru 3;Belgium;Aubel;Brasserie de l'Abbaye du Val-Dieu
Val-Dieu Noël;Belgium;Aubel;Brasserie de l'Abbaye du Val-Dieu
Val-Dieu triple;Belgium;Aubel;Brasserie de l'Abbaye du Val-Dieu
Val-Dieu triple 2;Belgium;Aubel;Brasserie de l'Abbaye du Val-Dieu
Vanderghinste;Belgium;Kortrijk;Omer Vander Ghinste
Vcense;Belgium;Orp-Jauche;Brasserie de Jandrain-Jandrenouille
Vedett extra blond;Belgium;Puurs-Sint-Amands;Duvel Moortgat
Vedett extra IPA 2;Belgium;Puurs-Sint-Amands;Duvel Moortgat
Vedett extra ordinary IPA;Belgium;Puurs-Sint-Amands;Duvel Moortgat
Vedett extra pilsner;Belgium;Puurs-Sint-Amands;Duvel Moortgat
Vedett extra session ipa;Belgium;Puurs-Sint-Amands;Duvel Moortgat
Vedett extra white;Belgium;Puurs-Sint-Amands;Duvel Moortgat
Vedett extra white 2;Belgium;Puurs-Sint-Amands;Duvel Moortgat
Verhaeghe (Duchesse de bourgogne);Belgium;Anzegem;Brouwerij Verhaeghe
Verhaeghe 2;Belgium;Anzegem;Brouwerij Verhaeghe
Verhaeghe Cherry;Belgium;Anzegem;Brouwerij Verhaeghe
Verhaeghe ruby;Belgium;Anzegem;Brouwerij Verhaeghe
Vicaris general;Belgium;Dendermonde;Brouwerij Dilewyns
Vicaris quinto;Belgium;Dendermonde;Brouwerij Dilewyns
Vicaris tripel;Belgium;Dendermonde;Brouwerij Dilewyns
Victoria;Belgium;Leuven;AB InBev Belgium
Vlaamsche leeuw blond;Belgium;Schilde;De Brouwerij van Vlaanderen
Waterloo Double Dark;Belgium;Waterloo;Waterloo Brewery Mont-St-Jean
Waterloo Recolte;Belgium;Waterloo;Waterloo Brewery Mont-St-Jean
Waterloo red cherry;Belgium;Waterloo;Waterloo Brewery Mont-St-Jean
Waterloo triple blonde;Belgium;Waterloo;Waterloo Brewery Mont-St-Jean
Watou kapittel prior 9;Belgium;Ieper;Leroy Breweries
Watou tripel;Belgium;Ieper;Leroy Breweries
Westmalle dubbel;Belgium;Malle;Brouwerij der Trappisten van Westmalle
Westmalle dubbel 2;Belgium;Malle;Brouwerij der Trappisten van Westmalle
Westmalle dubbel groot;Belgium;Malle;Brouwerij der Trappisten van Westmalle
Westmalle extra;Belgium;Malle;Brouwerij der Trappisten van Westmalle
Westmalle extra 2;Belgium;Malle;Brouwerij der Trappisten van Westmalle
Westmalle tripel;Belgium;Malle;Brouwerij der Trappisten van Westmalle
Westmalle tripel 2;Belgium;Malle;Brouwerij der Trappisten van Westmalle
Westvleteren 12;Belgium;Vleteren;Brouwerij De Sint-Sixtusabdij van Westvleteren
Westvleteren 8;Belgium;Vleteren;Brouwerij De Sint-Sixtusabdij van Westvleteren
Westvleteren blond;Belgium;Vleteren;Brouwerij De Sint-Sixtusabdij van Westvleteren
Wieze oktoberfeesten;Belgium;Lebbeke;Brouwerij Wieze
Wieze royal-blond;Belgium;Lebbeke;Brouwerij Wieze
Wilderen;Belgium;Sint-Truiden;Brouwerij Wilderen
Wilderen Cuvee Clarisse Rum Infused;Belgium;Sint-Truiden;Brouwerij Wilderen
Wilderen Cuvee Clarisse whiskey infused;Belgium;Sint-Truiden;Brouwerij Wilderen
Wilderen kriek;Belgium;Sint-Truiden;Brouwerij Wilderen
Wilderen Tripel Kanunnik;Belgium;Sint-Truiden;Brouwerij Wilderen
Witkap-Pater amber;Belgium;Ninove;Brouwerij Slaghmuylder
Witkap-Pater dubbel;Belgium;Ninove;Brouwerij Slaghmuylder
Witkap-Pater stimulo;Belgium;Ninove;Brouwerij Slaghmuylder
Witkap-Pater tripel;Belgium;Ninove;Brouwerij Slaghmuylder
Wittekerke;Belgium;Harelbeke;Brouwerij De Brabandere
Wolf 6;Belgium;Begijnendijk;Brouwerij Wolf
Wolf 7;Belgium;Begijnendijk;Brouwerij Wolf
Wolf 8;Belgium;Begijnendijk;Brouwerij Wolf
Wolf 9;Belgium;Begijnendijk;Brouwerij Wolf
Wolf carte blanche;Belgium;Begijnendijk;Brouwerij Wolf
Ypra;Belgium;Kortrijk;Omer Vander Ghinste
5 Elementos Cervejaria Artesanal;Brazilië;Fortaleza;5Elementos Cervejaria Artesanal
Brahma;Brazil;São Paulo;AmBev
Angkor;Cambodia;Preah Sihanouk;Cambrew
A tout le monde;Canada;Chambly;Unibroue
Brasserie McAuslan (St.Ambroise);Canada;Montreal;Brasserie McAuslan (St-Ambroise)
kunstmann;Chili;Valdivia;Compañia Cervecera Kunstmann
Tsingtao;China;Qing Dao Shi, Shan Dong Sheng;Tsingtao (青岛啤酒) Brewery
Club colombia;Colombia;Bogotá;Cervecería Bavaria
Carlsberg;Denmark;Copenhagen;Carlsberg Group
Carlsberg 2;Denmark;Copenhagen;Carlsberg Group
Fur bock;Denmark;Fur;Fur Bryghus
Herslev bryghus;Denmark;Herslev;Herslev Bryghus
Kissmeyer;Denmark;Charlottenlund;Kissmeyer Beer & Brewing
Mikkeler year round;Denmark;Copenhagen;Mikkeller
Polar monkeys chair man IPA;Finland;Lahti;Hartwall
Skøll;Denmark;Copenhagen;Carlsberg Group
Somersby pear cider;Denmark;Copenhagen;Carlsberg Group
Svaneke;Denmark;Svaneke;Svaneke Bryghus
Thisted Bryghus Brugge;Denmark;Thisted;Thisted Bryghus
To ol;Denmark;Svinninge;To Øl
To ol 2;Denmark;Svinninge;To Øl
To ol 3;Denmark;Svinninge;To Øl
To ol groot;Denmark;Svinninge;To Øl
Viborg Latinerhaven;Denmark;Viborg;Viborg Bryghus